(No column name),FullName,EmailAddress
AdventureWorks,Waldemar Fisar,waldemar@tailspintoys.com
AdventureWorks,Laimonis Berzins,laimonis@tailspintoys.com
AdventureWorks,Lorena Cindric,lorena@tailspintoys.com
AdventureWorks,Hung Van Groesen,hung@tailspintoys.com
AdventureWorks,Bhaargav Rambhatla,bhaargav@tailspintoys.com
AdventureWorks,Mudar Jevtic,mudar@tailspintoys.com
AdventureWorks,Daniel Roman,daniel@tailspintoys.com
AdventureWorks,Leyla Radnia,leyla@tailspintoys.com
AdventureWorks,Johanna Huiting,johanna@tailspintoys.com
AdventureWorks,Robert Ruutli,robert@tailspintoys.com
AdventureWorks,Biswajeet Thakur,biswajeet@tailspintoys.com
AdventureWorks,Radha Shah,radha@tailspintoys.com
AdventureWorks,Kalidas Nadar,kalidas@tailspintoys.com
AdventureWorks,Filip Nedvidek,filip@tailspintoys.com
AdventureWorks,Kanti Kotadia,kanti@tailspintoys.com
AdventureWorks,Hoa Cu,hoa@tailspintoys.com
AdventureWorks,Sointu Aalto,sointu@tailspintoys.com
AdventureWorks,Jae-Gon Min,jae-gon@tailspintoys.com
AdventureWorks,Siddhartha Parkar,siddhartha@tailspintoys.com
AdventureWorks,Paula Matos,paula@tailspintoys.com
AdventureWorks,Elnaz Javan,elnaz@tailspintoys.com
AdventureWorks,Jayashish Ghatak,jayashish@tailspintoys.com
AdventureWorks,Heloisa Fernandes,heloisa@tailspintoys.com
AdventureWorks,Amornrat Rattanaporn,amornrat@tailspintoys.com
AdventureWorks,Razeena Hosseini,razeena@tailspintoys.com
AdventureWorks,Leticia Ribeiro,leticia@tailspintoys.com
AdventureWorks,Tereza Valentova,tereza@tailspintoys.com
AdventureWorks,Brijesh Ganguly,brijesh@tailspintoys.com
AdventureWorks,Filips Jaunzems,filips@tailspintoys.com
AdventureWorks,Bharati Bhowmick,bharati@tailspintoys.com
AdventureWorks,Nitin Matondkar,nitin@tailspintoys.com
AdventureWorks,Joy Dutta,joy@tailspintoys.com
AdventureWorks,Adam Kubat,adam@tailspintoys.com
AdventureWorks,Gulzar Naidu,gulzar@tailspintoys.com
AdventureWorks,Isabelle Vodlan,isabelle@tailspintoys.com
AdventureWorks,Prakash Sarma,prakash@tailspintoys.com
AdventureWorks,Mithun Bhattacharya,mithun@tailspintoys.com
AdventureWorks,Sandhya Raju,sandhya@tailspintoys.com
AdventureWorks,Nghi Hua,nghi@tailspintoys.com
AdventureWorks,Ravindra Parkar,ravindra@tailspintoys.com
AdventureWorks,Duleep Raju,duleep@tailspintoys.com
AdventureWorks,Vlatka Duvnjak,vlatka@tailspintoys.com
AdventureWorks,Cristina Longo,cristina@tailspintoys.com
AdventureWorks,Antonio Lucchese,antonio@tailspintoys.com
AdventureWorks,Hang Tang,hang@tailspintoys.com
AdventureWorks,Hong Ang,hong@tailspintoys.com
AdventureWorks,Intira Mookjai,intira@tailspintoys.com
AdventureWorks,Young-Tae Kim,young-tae@tailspintoys.com
AdventureWorks,Sulabha Khalsa,sulabha@tailspintoys.com
AdventureWorks,Alessandro Milano,alessandro@tailspintoys.com
AdventureWorks,Dhanishta Majji,dhanishta@tailspintoys.com
AdventureWorks,Nils Podnieks,nils@tailspintoys.com
AdventureWorks,Paula Gonzales,paula@tailspintoys.com
AdventureWorks,Chetana Dewangan,chetana@tailspintoys.com
AdventureWorks,Tatjana Utjesenovic,tatjana@tailspintoys.com
AdventureWorks,Theresa Boose,theresa@tailspintoys.com
AdventureWorks,Karel Hanak,karel@tailspintoys.com
AdventureWorks,Fernanda Fierro,fernanda@tailspintoys.com
AdventureWorks,Odessa Schneider,odessa@tailspintoys.com
AdventureWorks,Konrads Sprogis,konrads@tailspintoys.com
AdventureWorks,Kimberly Pace,kimberly@tailspintoys.com
AdventureWorks,Shobha Gupta,shobha@tailspintoys.com
AdventureWorks,Nikolajs Kalejs,nikolajs@tailspintoys.com
AdventureWorks,Philippe Lamy,philippe@tailspintoys.com
AdventureWorks,Haasini Rai,haasini@tailspintoys.com
AdventureWorks,Viktorie Melicharova,viktorie@tailspintoys.com
AdventureWorks,Anjali Asthana,anjali@tailspintoys.com
AdventureWorks,Hanuman Negi,hanuman@tailspintoys.com
AdventureWorks,Shah Omidi,shah@tailspintoys.com
AdventureWorks,Chandra Mittal,chandra@tailspintoys.com
AdventureWorks,Ferhat Celik,ferhat@tailspintoys.com
AdventureWorks,Leyla Celik,leyla@tailspintoys.com
AdventureWorks,Dayarama Kamei,dayarama@tailspintoys.com
AdventureWorks,Elisabeth Flamand,elisabeth@tailspintoys.com
AdventureWorks,Nils Kalnins,nils@tailspintoys.com
AdventureWorks,Rajiv Kotadia,rajiv@tailspintoys.com
AdventureWorks,Ashish Acharya,ashish@tailspintoys.com
AdventureWorks,Filip Sedlar,filip@tailspintoys.com
AdventureWorks,Alena Prikrylova,alena@tailspintoys.com
AdventureWorks,Catina Bojin,catina@tailspintoys.com
AdventureWorks,Lana Rozej,lana@tailspintoys.com
AdventureWorks,Kalpana Mukherjee,kalpana@tailspintoys.com
AdventureWorks,Chandrakanta Raut,chandrakanta@tailspintoys.com
AdventureWorks,Ivan Castellanos,ivan@tailspintoys.com
AdventureWorks,Ganapati Gadiyaram,ganapati@tailspintoys.com
AdventureWorks,Parsa Blijleven,parsa@tailspintoys.com
AdventureWorks,Adrijana Blagojevic,adrijana@tailspintoys.com
AdventureWorks,Lina Martins,lina@tailspintoys.com
AdventureWorks,Lap Dinh,lap@tailspintoys.com
AdventureWorks,August Astrom,august@tailspintoys.com
AdventureWorks,Didem ozCelik,didem@tailspintoys.com
AdventureWorks,Krista Andrejev,krista@tailspintoys.com
AdventureWorks,Serhat Akbulut,serhat@tailspintoys.com
AdventureWorks,Nadja Johansson,nadja@tailspintoys.com
AdventureWorks,Daniela Barrios,daniela@tailspintoys.com
AdventureWorks,Daina Celma,daina@tailspintoys.com
AdventureWorks,Julia Slobodova,julia@tailspintoys.com
AdventureWorks,Raimonds Kalnins,raimonds@tailspintoys.com
AdventureWorks,Marcela Jankova,marcela@tailspintoys.com
AdventureWorks,Predrag Stojanovic,predrag@tailspintoys.com
AdventureWorks,Dipali Sonkar,dipali@tailspintoys.com
AdventureWorks,Mariana Apodaca,mariana@tailspintoys.com
AdventureWorks,Bansidhar Mitra,bansidhar@tailspintoys.com
AdventureWorks,Liia Mae,liia@tailspintoys.com
AdventureWorks,Gunnar Persson,gunnar@tailspintoys.com
AdventureWorks,Parvati Modi,parvati@tailspintoys.com
AdventureWorks,Vitezslav Rehak,vitezslav@tailspintoys.com
AdventureWorks,Parsa Van Vossen,parsa@tailspintoys.com
AdventureWorks,Bharat Sikdar,bharat@tailspintoys.com
AdventureWorks,Alain Aupry,alain@tailspintoys.com
AdventureWorks,Juan Bezanson,juan@tailspintoys.com
AdventureWorks,Ruby Charlton,ruby@tailspintoys.com
AdventureWorks,Aile Mae,aile@tailspintoys.com
AdventureWorks,Margherita Lucchesi,margherita@tailspintoys.com
AdventureWorks,Pratap Varghese,pratap@tailspintoys.com
AdventureWorks,Marcel Marquis,marcel@tailspintoys.com
AdventureWorks,Margita Kopecka,margita@tailspintoys.com
AdventureWorks,Mirjam Johansson,mirjam@tailspintoys.com
AdventureWorks,Lekha Mitra,lekha@tailspintoys.com
AdventureWorks,Seeta Bose,seeta@tailspintoys.com
AdventureWorks,Abhoy Prabhupāda,abhoy@tailspintoys.com
AdventureWorks,Seok-Ho Jeon,seok-ho@tailspintoys.com
AdventureWorks,Alida Caune,alida@tailspintoys.com
AdventureWorks,Indiana Fritzsche,indiana@tailspintoys.com
AdventureWorks,Agnes Szolosy,agnes@tailspintoys.com
AdventureWorks,Yu-jin Jee,yu-jin@tailspintoys.com
AdventureWorks,Rohana Kaskar,rohana@tailspintoys.com
AdventureWorks,Grieta Kalnina,grieta@tailspintoys.com
AdventureWorks,Hanuman Dubey,hanuman@tailspintoys.com
AdventureWorks,Paola Loggia,paola@tailspintoys.com
AdventureWorks,Bao Dao,bao@tailspintoys.com
AdventureWorks,Viljo Lampsa,viljo@tailspintoys.com
AdventureWorks,Preyakshna Aluri,preyakshna@tailspintoys.com
AdventureWorks,Chandan Raut,chandan@tailspintoys.com
AdventureWorks,Valentina Conti,valentina@tailspintoys.com
AdventureWorks,Narayan Mukherjee,narayan@tailspintoys.com
AdventureWorks,Theodore Saucier,theodore@tailspintoys.com
AdventureWorks,Chaowalit Pornpipatpong,chaowalit@tailspintoys.com
AdventureWorks,Mariana Fierro,mariana@tailspintoys.com
AdventureWorks,Ivana Kozakova,ivana@tailspintoys.com
AdventureWorks,Afshin Djalili,afshin@tailspintoys.com
AdventureWorks,Vaclav Holy,vaclav@tailspintoys.com
AdventureWorks,Bianh Phan,bianh@tailspintoys.com
AdventureWorks,Kanti Pipalia,kanti@tailspintoys.com
AdventureWorks,Koknesis Vitols,koknesis@tailspintoys.com
AdventureWorks,Malle Sepp,malle@tailspintoys.com
AdventureWorks,Roxane Rastgu,roxane@tailspintoys.com
AdventureWorks,Hue Chu,hue@tailspintoys.com
AdventureWorks,Vlasta Srbova,vlasta@tailspintoys.com
AdventureWorks,Gadhar Ghosh,gadhar@tailspintoys.com
AdventureWorks,Lata Babu,lata@tailspintoys.com
AdventureWorks,Chandra De,chandra@tailspintoys.com
AdventureWorks,Airi Vassiljev,airi@tailspintoys.com
AdventureWorks,Hoang La,hoang@tailspintoys.com
AdventureWorks,Duleep Walia,duleep@tailspintoys.com
AdventureWorks,Satish Gill,satish@tailspintoys.com
AdventureWorks,Matyas Macek,matyas@tailspintoys.com
AdventureWorks,Ethan Hopkins,ethan@tailspintoys.com
AdventureWorks,Bharat Ankitham,bharat@tailspintoys.com
AdventureWorks,Be Phan,be@tailspintoys.com
AdventureWorks,Vera Kubatova,vera@tailspintoys.com
AdventureWorks,Diego Almeida,diego@tailspintoys.com
AdventureWorks,Rakesh Nishad,rakesh@tailspintoys.com
AdventureWorks,Huu Hoa,huu@tailspintoys.com
AdventureWorks,Sang Tran,sang@tailspintoys.com
AdventureWorks,Bela Nemeth,bela@tailspintoys.com
AdventureWorks,Eekalabya Bose,eekalabya@tailspintoys.com
AdventureWorks,Margherita Bucco,margherita@tailspintoys.com
AdventureWorks,Tommy Kilpi,tommy@tailspintoys.com
AdventureWorks,Giri Bhamidipati,giri@tailspintoys.com
AdventureWorks,Andrea Ricci,andrea@tailspintoys.com
AdventureWorks,Chung-Ho Han,chung-ho@tailspintoys.com
AdventureWorks,Isabell  Duperre,isabell @tailspintoys.com
AdventureWorks,Jasna Vujica,jasna@tailspintoys.com
AdventureWorks,Amarendra Ankitham,amarendra@tailspintoys.com
AdventureWorks,Isak Berggren,isak@tailspintoys.com
AdventureWorks,Aakarsha Nookala,aakarsha@tailspintoys.com
AdventureWorks,Ilgonis Rozitis,ilgonis@tailspintoys.com
AdventureWorks,Stanislav Sedlar,stanislav@tailspintoys.com
AdventureWorks,Telma Arvidsson,telma@tailspintoys.com
AdventureWorks,GokCe Karaca,gokce@tailspintoys.com
AdventureWorks,Maria Munteanu,maria@tailspintoys.com
AdventureWorks,Coralie Emond,coralie@tailspintoys.com
AdventureWorks,Cong Trung,cong@tailspintoys.com
AdventureWorks,Karina Celmina,karina@tailspintoys.com
AdventureWorks,Nik Stoimenova,nik@tailspintoys.com
AdventureWorks,Teresa Pisani,teresa@tailspintoys.com
AdventureWorks,Murugan Thakur,murugan@tailspintoys.com
AdventureWorks,Alba Ponce,alba@tailspintoys.com
AdventureWorks,Antra Dzene,antra@tailspintoys.com
AdventureWorks,Piper Leigh,piper@tailspintoys.com
AdventureWorks,Jautrite Krievina,jautrite@tailspintoys.com
AdventureWorks,Karie Seymour,karie@tailspintoys.com
AdventureWorks,Lorenzo Lee,lorenzo@tailspintoys.com
AdventureWorks,Timea Peto,timea@tailspintoys.com
AdventureWorks,Amanat Shaker Doust,amanat@tailspintoys.com
AdventureWorks,Victoria Ene,victoria@tailspintoys.com
AdventureWorks,Panit Meesang,panit@tailspintoys.com
AdventureWorks,Bhavani Bhowmick,bhavani@tailspintoys.com
AdventureWorks,Ivica Debeljak,ivica@tailspintoys.com
AdventureWorks,Yasmine Berggren,yasmine@tailspintoys.com
AdventureWorks,Anima Bagchi,anima@tailspintoys.com
AdventureWorks,Tea Koppel,tea@tailspintoys.com
AdventureWorks,Bozena Palatova,bozena@tailspintoys.com
AdventureWorks,Naseem Radan,naseem@tailspintoys.com
AdventureWorks,Geza Olteanu,geza@tailspintoys.com
AdventureWorks,Laboni Deb,laboni@tailspintoys.com
AdventureWorks,Antonin Klaus,antonin@tailspintoys.com
AdventureWorks,Sung-Hwan Hwang,sung-hwan@tailspintoys.com
AdventureWorks,Reigo Rebane,reigo@tailspintoys.com
AdventureWorks,Shiva Pipalia,shiva@tailspintoys.com
AdventureWorks,Aishwarya Beniwal,aishwarya@tailspintoys.com
AdventureWorks,Karie Mercier,karie@tailspintoys.com
AdventureWorks,Milada Buresova,milada@tailspintoys.com
AdventureWorks,Bhanu Thota,bhanu@tailspintoys.com
AdventureWorks,Cyrus Poursokh,cyrus@tailspintoys.com
AdventureWorks,Ae-Cha Joo,ae-cha@tailspintoys.com
AdventureWorks,Jawid Pourali,jawid@tailspintoys.com
AdventureWorks,Dinara Saparkyzy,dinara@tailspintoys.com
AdventureWorks,Karel Sedlar,karel@tailspintoys.com
AdventureWorks,Adam Dvorak,adam@tailspintoys.com
AdventureWorks,Dhanishta Vankayala,dhanishta@tailspintoys.com
AdventureWorks,Ingrida Celmina,ingrida@tailspintoys.com
AdventureWorks,Be Dang,be@tailspintoys.com
AdventureWorks,Jae-Hwa Jang,jae-hwa@tailspintoys.com
AdventureWorks,Clara Cunha,clara@tailspintoys.com
AdventureWorks,Duck-Hwan Bae,duck-hwan@tailspintoys.com
AdventureWorks,Surya Mishra,surya@tailspintoys.com
AdventureWorks,Jagoda Vasiljevic,jagoda@tailspintoys.com
AdventureWorks,Eero Raud,eero@tailspintoys.com
AdventureWorks,Toma Nastase,toma@tailspintoys.com
AdventureWorks,Arjuna Haldar,arjuna@tailspintoys.com
AdventureWorks,Valerio Cardoso,valerio@tailspintoys.com
AdventureWorks,Zac Wintle,zac@tailspintoys.com
AdventureWorks,Ileana Aguilar,ileana@tailspintoys.com
AdventureWorks,Cai Nguyen,cai@tailspintoys.com
AdventureWorks,Tjasa Weitzer,tjasa@tailspintoys.com
AdventureWorks,Shefali Bose,shefali@tailspintoys.com
AdventureWorks,Lucas Van Veenen,lucas@tailspintoys.com
AdventureWorks,Farzana Saidi,farzana@tailspintoys.com
AdventureWorks,Steven Frasier,steven@tailspintoys.com
AdventureWorks,Amaranaath Muppavarapu,amaranaath@tailspintoys.com
AdventureWorks,Mauri Enestam,mauri@tailspintoys.com
AdventureWorks,Lakshmi Nair,lakshmi@tailspintoys.com
AdventureWorks,Ella Zvirbule,ella@tailspintoys.com
AdventureWorks,Vicente Chávez,vicente@tailspintoys.com
AdventureWorks,Sevim Aydın,sevim@tailspintoys.com
AdventureWorks,Tamer Ayhan,tamer@tailspintoys.com
AdventureWorks,Blanka Stavinohova,blanka@tailspintoys.com
AdventureWorks,Josefa Diaz,josefa@tailspintoys.com
AdventureWorks,Akanksha Iyengar,akanksha@tailspintoys.com
AdventureWorks,Markus Kantee,markus@tailspintoys.com
AdventureWorks,Kertu Smirnov,kertu@tailspintoys.com
AdventureWorks,Lovro Kulaga,lovro@tailspintoys.com
AdventureWorks,Jure Grabensek,jure@tailspintoys.com
AdventureWorks,Chompunut Jetjirawat,chompunut@tailspintoys.com
AdventureWorks,Javiera Madera,javiera@tailspintoys.com
AdventureWorks,Geetanjali Bagchi,geetanjali@tailspintoys.com
AdventureWorks,Aija Mottola,aija@tailspintoys.com
AdventureWorks,Elli Berg,elli@tailspintoys.com
AdventureWorks,Darshan Gupta,darshan@tailspintoys.com
AdventureWorks,Prem Reddy,prem@tailspintoys.com
AdventureWorks,Akanksha Sarma,akanksha@tailspintoys.com
AdventureWorks,Edward Alfred,edward@tailspintoys.com
AdventureWorks,Aino Kallas,aino@tailspintoys.com
AdventureWorks,Dhaaruni Vinjamuri,dhaaruni@tailspintoys.com
AdventureWorks,An Dung Phung,an dung@tailspintoys.com
AdventureWorks,Ioana Ibanescu,ioana@tailspintoys.com
AdventureWorks,Gaurav Sikdar,gaurav@tailspintoys.com
AdventureWorks,Christian Berggren,christian@tailspintoys.com
AdventureWorks,Anirban Sen,anirban@tailspintoys.com
AdventureWorks,Joel Koivisto,joel@tailspintoys.com
AdventureWorks,Chandrakanta Benjaree,chandrakanta@tailspintoys.com
AdventureWorks,Joy Das,joy@tailspintoys.com
AdventureWorks,Badari Chadalavada,badari@tailspintoys.com
AdventureWorks,Zala Ude,zala@tailspintoys.com
AdventureWorks,Gabriele Udinesi,gabriele@tailspintoys.com
AdventureWorks,Murugan Dewangan,murugan@tailspintoys.com
AdventureWorks,Malay Prabhupāda,malay@tailspintoys.com
AdventureWorks,Nghi Ly,nghi@tailspintoys.com
AdventureWorks,Hedi Koppel,hedi@tailspintoys.com
AdventureWorks,Teodors Klavins,teodors@tailspintoys.com
AdventureWorks,Denisa Ioveanu,denisa@tailspintoys.com
AdventureWorks,Cosmin Nutiu,cosmin@tailspintoys.com
AdventureWorks,Vaclav Polaskova,vaclav@tailspintoys.com
AdventureWorks,Georg Valbe,georg@tailspintoys.com
AdventureWorks,Pramod Nishad,pramod@tailspintoys.com
AdventureWorks,Avani Aggarwal,avani@tailspintoys.com
AdventureWorks,Prasong Tuntayakul,prasong@tailspintoys.com
AdventureWorks,Mariela Pasek,mariela@tailspintoys.com
AdventureWorks,Aija Zvaigzne,aija@tailspintoys.com
AdventureWorks,Dharanikumaar Sonti,dharanikumaar@tailspintoys.com
AdventureWorks,Gilbert Pelland,gilbert@tailspintoys.com
AdventureWorks,Ngoc Cao,ngoc@tailspintoys.com
AdventureWorks,Marcella Napolitani,marcella@tailspintoys.com
AdventureWorks,Pavol Oravec,pavol@tailspintoys.com
AdventureWorks,Femke Hollenberg,femke@tailspintoys.com
AdventureWorks,Roman Kubat,roman@tailspintoys.com
AdventureWorks,Brita Jarvi,brita@tailspintoys.com
AdventureWorks,Lucie Hrdlickova,lucie@tailspintoys.com
AdventureWorks,Donato Araujo,donato@tailspintoys.com
AdventureWorks,Alaine Berthelette,alaine@tailspintoys.com
AdventureWorks,Aleksander Jarvi,aleksander@tailspintoys.com
AdventureWorks,Kurt Konecny,kurt@tailspintoys.com
AdventureWorks,Malati Shenoy,malati@tailspintoys.com
AdventureWorks,Duong Duong,duong@tailspintoys.com
AdventureWorks,Gui-Hyun Ji,gui-hyun@tailspintoys.com
AdventureWorks,Karl Kangur,karl@tailspintoys.com
AdventureWorks,Michal Polaskova,michal@tailspintoys.com
AdventureWorks,Debendra Chakraborty,debendra@tailspintoys.com
AdventureWorks,Dilara Ayhan,dilara@tailspintoys.com
AdventureWorks,Virgiliu Vladu,virgiliu@tailspintoys.com
AdventureWorks,Peter Macias,peter@tailspintoys.com
AdventureWorks,Nasrin Fard,nasrin@tailspintoys.com
AdventureWorks,Kurt Lukes,kurt@tailspintoys.com
AdventureWorks,Daman Devulapalli,daman@tailspintoys.com
AdventureWorks,Beatrise Bite,beatrise@tailspintoys.com
AdventureWorks,Hele Semjonov,hele@tailspintoys.com
AdventureWorks,Bishwanath Ghosh,bishwanath@tailspintoys.com
AdventureWorks,Gasper Jovicevic,gasper@tailspintoys.com
AdventureWorks,Gianguido Lucchesi,gianguido@tailspintoys.com
AdventureWorks,Harihar Chatterjee,harihar@tailspintoys.com
AdventureWorks,Nu Bach,nu@tailspintoys.com
AdventureWorks,Gautama Reddy,gautama@tailspintoys.com
AdventureWorks,Ivonna Ene,ivonna@tailspintoys.com
AdventureWorks,Girish Banerjee,girish@tailspintoys.com
AdventureWorks,Ceyhun sahin,ceyhun@tailspintoys.com
AdventureWorks,Dhir Bhattacharya,dhir@tailspintoys.com
AdventureWorks,Tian Peng,tian@tailspintoys.com
AdventureWorks,Mariano Costa,mariano@tailspintoys.com
AdventureWorks,Vlastimil Bohuslav,vlastimil@tailspintoys.com
AdventureWorks,Beau  Boule,beau @tailspintoys.com
AdventureWorks,Nejc Vosnik,nejc@tailspintoys.com
AdventureWorks,Amalendu Veturi,amalendu@tailspintoys.com
AdventureWorks,Anindo Mazumdar,anindo@tailspintoys.com
AdventureWorks,Tarja Saikkonen,tarja@tailspintoys.com
AdventureWorks,Nils Balodis,nils@tailspintoys.com
AdventureWorks,Bernadette    Potvin,bernadette   @tailspintoys.com
AdventureWorks,Daniella Barbosa,daniella@tailspintoys.com
AdventureWorks,Nancy Hansson,nancy@tailspintoys.com
AdventureWorks,Raymond Levesque,raymond@tailspintoys.com
AdventureWorks,Linda Fisher,linda@tailspintoys.com
AdventureWorks,Raymond Desforges,raymond@tailspintoys.com
AdventureWorks,Stern Neumann,stern@tailspintoys.com
AdventureWorks,Raju Atluri,raju@tailspintoys.com
AdventureWorks,Cezar Preda,cezar@tailspintoys.com
AdventureWorks,Matyas Bohuslav,matyas@tailspintoys.com
AdventureWorks,Ambaajeeraav Ghattamaneni,ambaajeeraav@tailspintoys.com
AdventureWorks,Julio Correa,julio@tailspintoys.com
AdventureWorks,Hamsapriya Nandamuri,hamsapriya@tailspintoys.com
AdventureWorks,Banshari De,banshari@tailspintoys.com
AdventureWorks,Sudhir Yadav,sudhir@tailspintoys.com
AdventureWorks,Ngai Lam,ngai@tailspintoys.com
AdventureWorks,Camille Hetu,camille@tailspintoys.com
AdventureWorks,Hyun-Doo Song,hyun-doo@tailspintoys.com
AdventureWorks,BahadÄ±r Korkmaz,bahadä±r@tailspintoys.com
AdventureWorks,Gabriela Srbova,gabriela@tailspintoys.com
AdventureWorks,Priya kaushal,priya@tailspintoys.com
AdventureWorks,Serkan senturk,serkan@tailspintoys.com
AdventureWorks,Fatemeh Javan,fatemeh@tailspintoys.com
AdventureWorks,Aahlada Thota,aahlada@tailspintoys.com
AdventureWorks,Marten Keskkula,marten@tailspintoys.com
AdventureWorks,Ayberk sahin,ayberk@tailspintoys.com
AdventureWorks,Magda Ciora,magda@tailspintoys.com
AdventureWorks,Kaan Tekin,kaan@tailspintoys.com
AdventureWorks,Harshini Kommineni,harshini@tailspintoys.com
AdventureWorks,Lata Khandke,lata@tailspintoys.com
AdventureWorks,Emil Nutiu,emil@tailspintoys.com
AdventureWorks,Truman Eder,truman@tailspintoys.com
AdventureWorks,Lale Javan,lale@tailspintoys.com
AdventureWorks,Lorraine Paulet,lorraine@tailspintoys.com
AdventureWorks,Yusuf Johansson,yusuf@tailspintoys.com
AdventureWorks,Biplab De,biplab@tailspintoys.com
AdventureWorks,Dhanishta Kidambi,dhanishta@tailspintoys.com
AdventureWorks,Rachelle Brasseur,rachelle@tailspintoys.com
AdventureWorks,Bholanath Das,bholanath@tailspintoys.com
AdventureWorks,Sara Charlton,sara@tailspintoys.com
AdventureWorks,Libor safranek,libor@tailspintoys.com
AdventureWorks,Ramesh Mukherjee,ramesh@tailspintoys.com
AdventureWorks,Byung-Hyun Gwak,byung-hyun@tailspintoys.com
AdventureWorks,Ester Ahmadian,ester@tailspintoys.com
AdventureWorks,Kanika Mazumdar,kanika@tailspintoys.com
AdventureWorks,Daniel Magnusson,daniel@tailspintoys.com
AdventureWorks,Cemal Dogan,cemal@tailspintoys.com
AdventureWorks,Jack Carpenter,jack@tailspintoys.com
AdventureWorks,Am Lieu,am@tailspintoys.com
AdventureWorks,Thomas Fischer,thomas@tailspintoys.com
AdventureWorks,Neil Logan,neil@tailspintoys.com
AdventureWorks,Viollette Monty,viollette@tailspintoys.com
AdventureWorks,Gita Dutta,gita@tailspintoys.com
AdventureWorks,Alinne Cardoso,alinne@tailspintoys.com
AdventureWorks,Uma Pandit,uma@tailspintoys.com
AdventureWorks,Mani Poddar,mani@tailspintoys.com
AdventureWorks,Rama Mukaddam,rama@tailspintoys.com
AdventureWorks,Deakshitulu Mokkapati,deakshitulu@tailspintoys.com
AdventureWorks,Tereza Pinďakova,tereza@tailspintoys.com
AdventureWorks,Cezar Pavel,cezar@tailspintoys.com
AdventureWorks,Bahaar Yekta,bahaar@tailspintoys.com
AdventureWorks,Fanni Benko,fanni@tailspintoys.com
AdventureWorks,Amar Dutta,amar@tailspintoys.com
AdventureWorks,Brenda Morgan,brenda@tailspintoys.com
AdventureWorks,Kamal Nakhtare,kamal@tailspintoys.com
AdventureWorks,Olga Alexandrova,olga@wingtiptoys.com
AdventureWorks,Bibi Javan,bibi@wingtiptoys.com
AdventureWorks,Maris Baltins,maris@wingtiptoys.com
AdventureWorks,Taneli Hahl,taneli@wingtiptoys.com
AdventureWorks,Parsa Reuser,parsa@wingtiptoys.com
AdventureWorks,Da-eun Kwak,da-eun@wingtiptoys.com
AdventureWorks,Duleep Srivastava,duleep@wingtiptoys.com
AdventureWorks,Kurt Balog,kurt@wingtiptoys.com
AdventureWorks,Miran Nikolic,miran@wingtiptoys.com
AdventureWorks,Indra Mudaliyar,indra@wingtiptoys.com
AdventureWorks,Calin Bojin,calin@wingtiptoys.com
AdventureWorks,Maxime Westerink,maxime@wingtiptoys.com
AdventureWorks,Lang Le,lang@wingtiptoys.com
AdventureWorks,Bozena Divisova,bozena@wingtiptoys.com
AdventureWorks,Bhaagyalakshmi Muppavarapu,bhaagyalakshmi@wingtiptoys.com
AdventureWorks,Durjoy Bose,durjoy@wingtiptoys.com
AdventureWorks,Dimitry Nechita,dimitry@wingtiptoys.com
AdventureWorks,Meredith Padilla,meredith@wingtiptoys.com
AdventureWorks,Miroslav Kohout,miroslav@wingtiptoys.com
AdventureWorks,Teresa Torres,teresa@wingtiptoys.com
AdventureWorks,Fransje Mutlu,fransje@wingtiptoys.com
AdventureWorks,Karel Hybl,karel@wingtiptoys.com
AdventureWorks,Chati Ornlamai,chati@wingtiptoys.com
AdventureWorks,Tajana Lovric,tajana@wingtiptoys.com
AdventureWorks,Raine Knihtila,raine@wingtiptoys.com
AdventureWorks,Dhir Mazumdar,dhir@wingtiptoys.com
AdventureWorks,Lan Chu,lan@wingtiptoys.com
AdventureWorks,Tereza Prikrylova,tereza@wingtiptoys.com
AdventureWorks,Maurice English,maurice@wingtiptoys.com
AdventureWorks,Daniella Ribeiro,daniella@wingtiptoys.com
AdventureWorks,Irene Sepp,irene@wingtiptoys.com
AdventureWorks,Hubert Fields,hubert@wingtiptoys.com
AdventureWorks,Chandranath Bose,chandranath@wingtiptoys.com
AdventureWorks,Gaurav Acharya,gaurav@wingtiptoys.com
AdventureWorks,Ana Julijana Isa,ana julijana@wingtiptoys.com
AdventureWorks,Libor Klaus,libor@wingtiptoys.com
AdventureWorks,Gireesh Bhogireddy,gireesh@wingtiptoys.com
AdventureWorks,Stanislav Zeman,stanislav@wingtiptoys.com
AdventureWorks,Premwadee Atitarn,premwadee@wingtiptoys.com
AdventureWorks,Deeptendu Das,deeptendu@wingtiptoys.com
AdventureWorks,Nishant Patil,nishant@wingtiptoys.com
AdventureWorks,Bhaagyalakshmi Rajanala,bhaagyalakshmi@wingtiptoys.com
AdventureWorks,Rohan Das,rohan@wingtiptoys.com
AdventureWorks,Bhaanusree Ankitham,bhaanusree@wingtiptoys.com
AdventureWorks,Aamdaal Kamasamudram,aamdaal@wingtiptoys.com
AdventureWorks,Karita Rosberg,karita@wingtiptoys.com
AdventureWorks,Baebeesarasvati Kamasamudram,baebeesarasvati@wingtiptoys.com
AdventureWorks,Hana Palatova,hana@wingtiptoys.com
AdventureWorks,Marcello Dellucci,marcello@wingtiptoys.com
AdventureWorks,Shobha Raju,shobha@wingtiptoys.com
AdventureWorks,Mee-Kyong Sin,mee-kyong@wingtiptoys.com
AdventureWorks,VÄ›ra Kopecka,vä›ra@wingtiptoys.com
AdventureWorks,Ivica Lučic,ivica@wingtiptoys.com
AdventureWorks,David Svoboda,david@wingtiptoys.com
AdventureWorks,Vinicius Correa,vinicius@wingtiptoys.com
AdventureWorks,Surat Pornpipatpong,surat@wingtiptoys.com
AdventureWorks,Fabio Pena,fabio@wingtiptoys.com
AdventureWorks,Kauan Gomes,kauan@wingtiptoys.com
AdventureWorks,Lakshmi Roy,lakshmi@wingtiptoys.com
AdventureWorks,Kersti Mihhailov,kersti@wingtiptoys.com
AdventureWorks,Selma Seppanen,selma@wingtiptoys.com
AdventureWorks,Danielle  Brasseur,danielle @wingtiptoys.com
AdventureWorks,Bay Ly,bay@wingtiptoys.com
AdventureWorks,Sanjiv Raina,sanjiv@wingtiptoys.com
AdventureWorks,Adirake Saenamuang,adirake@wingtiptoys.com
AdventureWorks,Leena De,leena@wingtiptoys.com
AdventureWorks,Tarja Penttila,tarja@wingtiptoys.com
AdventureWorks,Gunnar Larsson,gunnar@wingtiptoys.com
AdventureWorks,Devendranath Huq,devendranath@wingtiptoys.com
AdventureWorks,Vicente Cabrera,vicente@wingtiptoys.com
AdventureWorks,Enes Olsson,enes@wingtiptoys.com
AdventureWorks,Milada Kubatova,milada@wingtiptoys.com
AdventureWorks,Vanja Grgic,vanja@wingtiptoys.com
AdventureWorks,Daniela Omelkova,daniela@wingtiptoys.com
AdventureWorks,Dayaram Mishra,dayaram@wingtiptoys.com
AdventureWorks,Gal Kokeza,gal@wingtiptoys.com
AdventureWorks,Mina Omidzadeh,mina@wingtiptoys.com
AdventureWorks,Adrian Bengtsson,adrian@wingtiptoys.com
AdventureWorks,Kadir Usenuly,kadir@wingtiptoys.com
AdventureWorks,Rajiv Shasthri,rajiv@wingtiptoys.com
AdventureWorks,Kajsa Jakobsson,kajsa@wingtiptoys.com
AdventureWorks,Elnaz Rahimi,elnaz@wingtiptoys.com
AdventureWorks,Rahul Ghate,rahul@wingtiptoys.com
AdventureWorks,Chuan Wongsawat,chuan@wingtiptoys.com
AdventureWorks,Lien Banh,lien@wingtiptoys.com
AdventureWorks,Anshula Mitra,anshula@wingtiptoys.com
AdventureWorks,Divyendu Chakraborty,divyendu@wingtiptoys.com
AdventureWorks,Rita Kauppi,rita@wingtiptoys.com
AdventureWorks,An Dung Ngo,an dung@wingtiptoys.com
AdventureWorks,Pranav Yadav,pranav@wingtiptoys.com
AdventureWorks,Chetana Kamath,chetana@wingtiptoys.com
AdventureWorks,Isabelina Flores,isabelina@wingtiptoys.com
AdventureWorks,Premwadee Saowaluk,premwadee@wingtiptoys.com
AdventureWorks,Adam Balaz,adam@wingtiptoys.com
AdventureWorks,Jae-Hwa Min,jae-hwa@wingtiptoys.com
AdventureWorks,Rafael Pena,rafael@wingtiptoys.com
AdventureWorks,Catalina Nechita,catalina@wingtiptoys.com
AdventureWorks,Robert Cosic,robert@wingtiptoys.com
AdventureWorks,Constanza Laureano,constanza@wingtiptoys.com
AdventureWorks,Sunil Nakhtare,sunil@wingtiptoys.com
AdventureWorks,Aakriti Bhamidipati,aakriti@wingtiptoys.com
AdventureWorks,Sakchai Supitayaporn,sakchai@wingtiptoys.com
AdventureWorks,Himadri Prabhupāda,himadri@wingtiptoys.com
AdventureWorks,Lukas Kohout,lukas@wingtiptoys.com
AdventureWorks,Bryan Helms,bryan@wingtiptoys.com
AdventureWorks,Julianna Makay,julianna@wingtiptoys.com
AdventureWorks,Harri Kask,harri@wingtiptoys.com
AdventureWorks,Rakhshinda Mansouri,rakhshinda@wingtiptoys.com
AdventureWorks,Ilse Sandell,ilse@wingtiptoys.com
AdventureWorks,Tibor Harsanyi,tibor@wingtiptoys.com
AdventureWorks,Subhash Matondkar,subhash@wingtiptoys.com
AdventureWorks,Gurudas De,gurudas@wingtiptoys.com
AdventureWorks,Eesvaraavu Ankitham,eesvaraavu@wingtiptoys.com
AdventureWorks,Angelina Karlsson,angelina@wingtiptoys.com
AdventureWorks,Miguel Paez,miguel@wingtiptoys.com
AdventureWorks,Anukul Dey,anukul@wingtiptoys.com
AdventureWorks,Tobias Gruber,tobias@wingtiptoys.com
AdventureWorks,Jitka Stastna,jitka@wingtiptoys.com
AdventureWorks,Daniela Dumina,daniela@wingtiptoys.com
AdventureWorks,Fahmidah Fallahi,fahmidah@wingtiptoys.com
AdventureWorks,Ganesh Mukherjee,ganesh@wingtiptoys.com
AdventureWorks,Hector Parra,hector@wingtiptoys.com
AdventureWorks,Avanti Nishad,avanti@wingtiptoys.com
AdventureWorks,Gino Sal,gino@wingtiptoys.com
AdventureWorks,Daedeepya Thota,daedeepya@wingtiptoys.com
AdventureWorks,Lekha Sen,lekha@wingtiptoys.com
AdventureWorks,Gabriela Chirila,gabriela@wingtiptoys.com
AdventureWorks,Elina Bite,elina@wingtiptoys.com
AdventureWorks,Nagur Atluri,nagur@wingtiptoys.com
AdventureWorks,Hanita Kamasamudram,hanita@wingtiptoys.com
AdventureWorks,Sintja Buecek,sintja@wingtiptoys.com
AdventureWorks,Esha Singh,esha@wingtiptoys.com
AdventureWorks,Pongrit Srisati,pongrit@wingtiptoys.com
AdventureWorks,Hanna Piip,hanna@wingtiptoys.com
AdventureWorks,Linda Green,linda@wingtiptoys.com
AdventureWorks,Baalamurali Kommineni,baalamurali@wingtiptoys.com
AdventureWorks,Sarmis Skujins,sarmis@wingtiptoys.com
AdventureWorks,Amporn Jetjirawat,amporn@wingtiptoys.com
AdventureWorks,Libuse Srbova,libuse@wingtiptoys.com
AdventureWorks,Jimme Harmsen,jimme@wingtiptoys.com
AdventureWorks,Viktorie Stejskalova,viktorie@wingtiptoys.com
AdventureWorks,Bishnu Bandopadhyay,bishnu@wingtiptoys.com
AdventureWorks,Slavko Pavlovic,slavko@wingtiptoys.com
AdventureWorks,Malorie Dupuy,malorie@wingtiptoys.com
AdventureWorks,Doru Munteanu,doru@wingtiptoys.com
AdventureWorks,Ankita Mittal,ankita@wingtiptoys.com
AdventureWorks,Aile Aasmae,aile@wingtiptoys.com
AdventureWorks,Ezgi Kaya,ezgi@wingtiptoys.com
AdventureWorks,Ava Edden,ava@wingtiptoys.com
AdventureWorks,Adirake Narkbunnum,adirake@wingtiptoys.com
AdventureWorks,Manali Bose,manali@wingtiptoys.com
AdventureWorks,Ji-min Jun,ji-min@wingtiptoys.com
AdventureWorks,Astrid Poisson,astrid@wingtiptoys.com
AdventureWorks,Timotej stakne,timotej@wingtiptoys.com
AdventureWorks,Gi-Suk Heo,gi-suk@wingtiptoys.com
AdventureWorks,Roman Tomek,roman@wingtiptoys.com
AdventureWorks,Irma Kruze,irma@wingtiptoys.com
AdventureWorks,VÄ›ra Stejskalova,vä›ra@wingtiptoys.com
AdventureWorks,Dhaeraemdranaadh Pamulaparthi,dhaeraemdranaadh@wingtiptoys.com
AdventureWorks,Victoria Brezeanu,victoria@wingtiptoys.com
AdventureWorks,Agrita Kalnina,agrita@wingtiptoys.com
AdventureWorks,Burak ozden,burak@wingtiptoys.com
AdventureWorks,Ravindra Sandhu,ravindra@wingtiptoys.com
AdventureWorks,Iulia Nechita,iulia@wingtiptoys.com
AdventureWorks,Klara Rakus,klara@wingtiptoys.com
AdventureWorks,Razeena Rezaei,razeena@wingtiptoys.com
AdventureWorks,Am Lo,am@wingtiptoys.com
AdventureWorks,Edmee Schol,edmee@wingtiptoys.com
AdventureWorks,Sophie Van Lier,sophie@wingtiptoys.com
AdventureWorks,Shiva Nair,shiva@wingtiptoys.com
AdventureWorks,Dimitry Profis,dimitry@wingtiptoys.com
AdventureWorks,Manindra Desai,manindra@wingtiptoys.com
AdventureWorks,Jan Zeman,jan@wingtiptoys.com
AdventureWorks,Jukka-Pekk Saarijarvi,jukka-pekk@wingtiptoys.com
AdventureWorks,Ranjit Dikshit,ranjit@wingtiptoys.com
AdventureWorks,Marek Blaho,marek@wingtiptoys.com
AdventureWorks,Varuna Ganguly,varuna@wingtiptoys.com
AdventureWorks,Natalia Pokorna,natalia@wingtiptoys.com
AdventureWorks,Basak Tekin,basak@wingtiptoys.com
AdventureWorks,Nicole Martinez,nicole@wingtiptoys.com
AdventureWorks,Doru Tirlea,doru@wingtiptoys.com
AdventureWorks,Hema Jujjavarapu,hema@wingtiptoys.com
AdventureWorks,Jessica Perrine,jessica@wingtiptoys.com
AdventureWorks,Mukta Sarkar,mukta@wingtiptoys.com
AdventureWorks,Yavuz Cetinkaya,yavuz@wingtiptoys.com
AdventureWorks,Jaydeb Ganguly,jaydeb@wingtiptoys.com
AdventureWorks,Sirirat Kongpaisarn,sirirat@wingtiptoys.com
AdventureWorks,Himani Sanyal,himani@wingtiptoys.com
AdventureWorks,Claude Bonsaint,claude@wingtiptoys.com
AdventureWorks,Gopal Thakur,gopal@wingtiptoys.com
AdventureWorks,Roman Pajer,roman@wingtiptoys.com
AdventureWorks,Floris Veenhuizen,floris@wingtiptoys.com
AdventureWorks,Vitezslav Holy,vitezslav@wingtiptoys.com
AdventureWorks,Paul Valbe,paul@wingtiptoys.com
AdventureWorks,Devi Dewangan,devi@wingtiptoys.com
AdventureWorks,William Bordelon,william@wingtiptoys.com
AdventureWorks,Masa Buecek,masa@wingtiptoys.com
AdventureWorks,Nguyet Trang,nguyet@wingtiptoys.com
AdventureWorks,Bipin Modi,bipin@wingtiptoys.com
AdventureWorks,Dattaatraeya Vangapandu,dattaatraeya@wingtiptoys.com
AdventureWorks,Rahul Sarma,rahul@wingtiptoys.com
AdventureWorks,Deeba Hemmati,deeba@wingtiptoys.com
AdventureWorks,Alejandro Escobar,alejandro@wingtiptoys.com
AdventureWorks,Milada Hadrabova,milada@wingtiptoys.com
AdventureWorks,Andris Vitols,andris@wingtiptoys.com
AdventureWorks,Lana Larsson,lana@wingtiptoys.com
AdventureWorks,Mariela Weitzer,mariela@wingtiptoys.com
AdventureWorks,David Lanctot,david@wingtiptoys.com
AdventureWorks,Alain Pelland,alain@wingtiptoys.com
AdventureWorks,Ik-Soo Jo,ik-soo@wingtiptoys.com
AdventureWorks,Milica Stojkovic,milica@wingtiptoys.com
AdventureWorks,Teemu Yli-Sirnio,teemu@wingtiptoys.com
AdventureWorks,Natalie Horackova,natalie@wingtiptoys.com
AdventureWorks,Francesca Greece,francesca@wingtiptoys.com
AdventureWorks,Baalaaditya Rallapalli,baalaaditya@wingtiptoys.com
AdventureWorks,Antonin Holy,antonin@wingtiptoys.com
AdventureWorks,Matej Formanek,matej@wingtiptoys.com
AdventureWorks,Mary Eder,mary@wingtiptoys.com
AdventureWorks,Manish Ghosh,manish@wingtiptoys.com
AdventureWorks,Anish Naidu,anish@wingtiptoys.com
AdventureWorks,Pracha Nantakarn,pracha@wingtiptoys.com
AdventureWorks,Malee Charoenkul,malee@wingtiptoys.com
AdventureWorks,Charline Flamand,charline@wingtiptoys.com
AdventureWorks,Dhavala Alladi,dhavala@wingtiptoys.com
AdventureWorks,Teodor Vlad,teodor@wingtiptoys.com
AdventureWorks,Peeter Keskula,peeter@wingtiptoys.com
AdventureWorks,Anda Liepa,anda@wingtiptoys.com
AdventureWorks,Deakshitulu Paruchuri,deakshitulu@wingtiptoys.com
AdventureWorks,Jelena Utjesenovic,jelena@wingtiptoys.com
AdventureWorks,Debbie Clark,debbie@wingtiptoys.com
AdventureWorks,Adriana Horackova,adriana@wingtiptoys.com
AdventureWorks,Suniti Bhat,suniti@wingtiptoys.com
AdventureWorks,Miika Putkonen,miika@wingtiptoys.com
AdventureWorks,Jose Williams,jose@wingtiptoys.com
AdventureWorks,Padma Iyer,padma@wingtiptoys.com
AdventureWorks,Cai Cao,cai@wingtiptoys.com
AdventureWorks,Åšani Sen,åšani@wingtiptoys.com
AdventureWorks,Ngu Hoa,ngu@wingtiptoys.com
AdventureWorks,Helene Dupuy,helene@wingtiptoys.com
AdventureWorks,Antonio Trentini,antonio@wingtiptoys.com
AdventureWorks,omer ozbek,omer@wingtiptoys.com
AdventureWorks,Andrei Bratianu,andrei@wingtiptoys.com
AdventureWorks,Akshayakeerti Jandhyala,akshayakeerti@wingtiptoys.com
AdventureWorks,Tereza Stolinova,tereza@wingtiptoys.com
AdventureWorks,Ankolika Sen,ankolika@wingtiptoys.com
AdventureWorks,Kristophe  Couet,kristophe @wingtiptoys.com
AdventureWorks,Baalaamani Veturi,baalaamani@wingtiptoys.com
AdventureWorks,Gustav Korjus,gustav@wingtiptoys.com
AdventureWorks,Julia Konecna,julia@wingtiptoys.com
AdventureWorks,Birgit Saar,birgit@wingtiptoys.com
AdventureWorks,Madelaine  Paulet,madelaine @wingtiptoys.com
AdventureWorks,Arundhati Bhowmick,arundhati@wingtiptoys.com
AdventureWorks,Mario Jogi,mario@wingtiptoys.com
AdventureWorks,Martina Omelkova,martina@wingtiptoys.com
AdventureWorks,Kaya ozbek,kaya@wingtiptoys.com
AdventureWorks,Lan Klanjcar,lan@wingtiptoys.com
AdventureWorks,Seo-yeon Rim,seo-yeon@wingtiptoys.com
AdventureWorks,Giovanna Araujo,giovanna@wingtiptoys.com
AdventureWorks,Sitara Benjaree,sitara@wingtiptoys.com
AdventureWorks,Roberts Sprogis,roberts@wingtiptoys.com
AdventureWorks,Javier Caraballo,javier@wingtiptoys.com
AdventureWorks,Coralie Brasseur,coralie@wingtiptoys.com
AdventureWorks,Akhtar Shahrestaani,akhtar@wingtiptoys.com
AdventureWorks,Priya Joshi,priya@wingtiptoys.com
AdventureWorks,Vanita Bhowmick,vanita@wingtiptoys.com
AdventureWorks,Bruna Cavalcante,bruna@wingtiptoys.com
AdventureWorks,Nishant Menon,nishant@wingtiptoys.com
AdventureWorks,Ratnam Singh,ratnam@wingtiptoys.com
AdventureWorks,Josef Benda,josef@wingtiptoys.com
AdventureWorks,Trishna Benipal,trishna@wingtiptoys.com
AdventureWorks,Teresa Bender,teresa@wingtiptoys.com
AdventureWorks,Diego Buccho,diego@wingtiptoys.com
AdventureWorks,Deepesh Bose,deepesh@wingtiptoys.com
AdventureWorks,Ambareesh Madhunapantula,ambareesh@wingtiptoys.com
AdventureWorks,Madhavi Gupta,madhavi@wingtiptoys.com
AdventureWorks,Indu Chowdary,indu@wingtiptoys.com
AdventureWorks,Bich Banh,bich@wingtiptoys.com
AdventureWorks,Lennart Kask,lennart@wingtiptoys.com
AdventureWorks,Åšani Nair,åšani@wingtiptoys.com
AdventureWorks,Cuc Tu,cuc@wingtiptoys.com
AdventureWorks,Angelina Gormanston,angelina@wingtiptoys.com
AdventureWorks,Prasanna Shetty,prasanna@wingtiptoys.com
AdventureWorks,Prasert Supitayaporn,prasert@wingtiptoys.com
AdventureWorks,Gulzar Parkar,gulzar@wingtiptoys.com
AdventureWorks,Abhaya Rambhatla,abhaya@wingtiptoys.com
AdventureWorks,Naveed Alizadeh,naveed@wingtiptoys.com
AdventureWorks,Lalit Ogra,lalit@wingtiptoys.com
AdventureWorks,Badanika Vankayala,badanika@wingtiptoys.com
AdventureWorks,Mina Bagheri,mina@wingtiptoys.com
AdventureWorks,Lien Lo,lien@wingtiptoys.com
AdventureWorks,Debraj Sanyal,debraj@wingtiptoys.com
AdventureWorks,Tara KlanCisar,tara@wingtiptoys.com
AdventureWorks,Marco Costa,marco@wingtiptoys.com
AdventureWorks,Alessandra Gallo,alessandra@wingtiptoys.com
AdventureWorks,Crina Nechita,crina@wingtiptoys.com
AdventureWorks,Yi Min Zhong,yi min@wingtiptoys.com
AdventureWorks,Zala Ibrahimagic,zala@wingtiptoys.com
AdventureWorks,Wander Ellenbroek,wander@wingtiptoys.com
AdventureWorks,Gundega Kundzina,gundega@wingtiptoys.com
AdventureWorks,Damyanti Byrraju,damyanti@wingtiptoys.com
AdventureWorks,Parveen Haldar,parveen@wingtiptoys.com
AdventureWorks,Chau Chu,chau@wingtiptoys.com
AdventureWorks,Noel Cartier,noel@wingtiptoys.com
AdventureWorks,Aet Kasesalu,aet@wingtiptoys.com
AdventureWorks,Ilgonis Dzenis,ilgonis@wingtiptoys.com
AdventureWorks,Emine Gungor,emine@wingtiptoys.com
AdventureWorks,Ondrej Tomek,ondrej@wingtiptoys.com
AdventureWorks,Ngon Ta,ngon@wingtiptoys.com
AdventureWorks,Mohini Kaul,mohini@wingtiptoys.com
AdventureWorks,Alejandro Baeza,alejandro@wingtiptoys.com
AdventureWorks,Arnab Malakar,arnab@wingtiptoys.com
AdventureWorks,Anupam Majumdar,anupam@wingtiptoys.com
AdventureWorks,Mary Barney,mary@wingtiptoys.com
AdventureWorks,Amit Ghatak,amit@wingtiptoys.com
AdventureWorks,Dhaeraemdranaadh Allu,dhaeraemdranaadh@wingtiptoys.com
AdventureWorks,Abel Pirvu,abel@wingtiptoys.com
AdventureWorks,Paola Greece,paola@wingtiptoys.com
AdventureWorks,Izabella Baltina,izabella@wingtiptoys.com
AdventureWorks,Flora Olofsson,flora@wingtiptoys.com
AdventureWorks,Vitezslav Drdla,vitezslav@wingtiptoys.com
AdventureWorks,Nguyet Bach,nguyet@wingtiptoys.com
AdventureWorks,Ratnam Sidhu,ratnam@wingtiptoys.com
AdventureWorks,Jyoti Karnik,jyoti@wingtiptoys.com
AdventureWorks,Dattu Gummadi,dattu@wingtiptoys.com
AdventureWorks,Samuel Almaraz,samuel@wingtiptoys.com
AdventureWorks,Filip Bunderla,filip@wingtiptoys.com
AdventureWorks,Zuzana Kuchtova,zuzana@wingtiptoys.com
AdventureWorks,Elias Niemi,elias@wingtiptoys.com
AdventureWorks,Mark Ruutel,mark@wingtiptoys.com
AdventureWorks,Carla Osorio,carla@wingtiptoys.com
AdventureWorks,Corneliu Vladu,corneliu@wingtiptoys.com
AdventureWorks,Ivo Valek,ivo@wingtiptoys.com
AdventureWorks,Severins Polis,severins@wingtiptoys.com
AdventureWorks,Chandran Bhattacharya,chandran@wingtiptoys.com
AdventureWorks,Linda Ledezma,linda@wingtiptoys.com
AdventureWorks,Zbynek Vacha,zbynek@wingtiptoys.com
AdventureWorks,Halit Gunes,halit@wingtiptoys.com
AdventureWorks,Indu Nambiar,indu@wingtiptoys.com
AdventureWorks,Vallo Vesik,vallo@wingtiptoys.com
AdventureWorks,Dayaram Raut,dayaram@wingtiptoys.com
AdventureWorks,Dana Mrazova,dana@wingtiptoys.com
AdventureWorks,Saraswati Beniwal,saraswati@wingtiptoys.com
AdventureWorks,Ema Slosar,ema@wingtiptoys.com
AdventureWorks,Arto Heikkinen,arto@wingtiptoys.com
AdventureWorks,Hemchandra Debnath,hemchandra@wingtiptoys.com
AdventureWorks,Bala Ogra,bala@wingtiptoys.com
AdventureWorks,Monika Valentova,monika@wingtiptoys.com
AdventureWorks,Anuj Sonkar,anuj@wingtiptoys.com
AdventureWorks,Dattaatraeya Tottempudi,dattaatraeya@wingtiptoys.com
AdventureWorks,Emilia Samaniego,emilia@wingtiptoys.com
AdventureWorks,Kahkushan Shakiba,kahkushan@wingtiptoys.com
AdventureWorks,Hathai Mookjai,hathai@wingtiptoys.com
AdventureWorks,Taner Yılmaz,taner@wingtiptoys.com
AdventureWorks,Birol Arslan,birol@wingtiptoys.com
AdventureWorks,Abhra Thakur,abhra@wingtiptoys.com
AdventureWorks,Uma Khalsa,uma@wingtiptoys.com
AdventureWorks,Dunja Radoncis,dunja@wingtiptoys.com
AdventureWorks,Olya Seleznyov,olya@wingtiptoys.com
AdventureWorks,Darakhshan Javaherian,darakhshan@wingtiptoys.com
AdventureWorks,Alexandre  L'Angelier,alexandre @wingtiptoys.com
AdventureWorks,Youssef Eriksson,youssef@wingtiptoys.com
AdventureWorks,Arunima Ganguly,arunima@wingtiptoys.com
AdventureWorks,Pavel Bohuslav,pavel@wingtiptoys.com
AdventureWorks,Mahendra Trivedi,mahendra@wingtiptoys.com
AdventureWorks,Jiri Vacha,jiri@wingtiptoys.com
AdventureWorks,Constanta Dita,constanta@wingtiptoys.com
AdventureWorks,Magdalena Cervenkova,magdalena@wingtiptoys.com
AdventureWorks,Sylvie Panetier,sylvie@wingtiptoys.com
AdventureWorks,Asha Mudigonda,asha@wingtiptoys.com
AdventureWorks,Jaya Benjaree,jaya@wingtiptoys.com
AdventureWorks,Anete Kundzina,anete@wingtiptoys.com
AdventureWorks,Petr Drdla,petr@wingtiptoys.com
AdventureWorks,Daniela Sal,daniela@wingtiptoys.com
AdventureWorks,Kunal Nakhtare,kunal@wingtiptoys.com
AdventureWorks,Duangrat Atitarn,duangrat@wingtiptoys.com
AdventureWorks,Ella Celmina,ella@wingtiptoys.com
AdventureWorks,Deviprasad Prabhupāda,deviprasad@wingtiptoys.com
AdventureWorks,Tess Seegers,tess@wingtiptoys.com
AdventureWorks,Aija Lukstina,aija@wingtiptoys.com
AdventureWorks,Sanjay Cheema,sanjay@wingtiptoys.com
AdventureWorks,Hoc Le,hoc@wingtiptoys.com
AdventureWorks,Blagoje Pavlovic,blagoje@wingtiptoys.com
AdventureWorks,Bhairaam Kidambi,bhairaam@wingtiptoys.com
AdventureWorks,Aleksandrs Cirulis,aleksandrs@wingtiptoys.com
AdventureWorks,Jae-Hwa Shin,jae-hwa@wingtiptoys.com
AdventureWorks,Mala Naicker,mala@wingtiptoys.com
AdventureWorks,Caterina Fallaci,caterina@wingtiptoys.com
AdventureWorks,Brayden Macnamara,brayden@wingtiptoys.com
AdventureWorks,Baanuraekha Voleti,baanuraekha@wingtiptoys.com
AdventureWorks,Renata Alva,renata@wingtiptoys.com
AdventureWorks,Ranjeet Haldar,ranjeet@wingtiptoys.com
AdventureWorks,Mandeep Desai,mandeep@wingtiptoys.com
AdventureWorks,Bhaamini Kanaparthi,bhaamini@wingtiptoys.com
AdventureWorks,Sun-Hi Oh,sun-hi@wingtiptoys.com
AdventureWorks,Margit Molnar,margit@wingtiptoys.com
AdventureWorks,Amanda Kaulina,amanda@wingtiptoys.com
AdventureWorks,Chandni Jandhyala,chandni@wingtiptoys.com
AdventureWorks,Verona Sykorova,verona@wingtiptoys.com
AdventureWorks,Ljubomir Nesic,ljubomir@wingtiptoys.com
AdventureWorks,Izan Arana,izan@wingtiptoys.com
AdventureWorks,Telma Hermansson,telma@wingtiptoys.com
AdventureWorks,Lubomir Spousta,lubomir@wingtiptoys.com
